{"pages":[{"id":88684953777,"title":"About us 1","shop_id":60186362033,"handle":"about-us-1","body_html":"","author":null,"created_at":"2022-04-12T17:16:04+07:00","updated_at":"2022-04-12T17:16:04+07:00","published_at":"2022-04-12T17:16:04+07:00","template_suffix":"about-us-1","admin_graphql_api_id":"gid://shopify/OnlineStorePage/88684953777"},{"id":85020639409,"title":"Contact","shop_id":60186362033,"handle":"contact","body_html":null,"author":null,"created_at":"2021-09-14T08:57:22+07:00","updated_at":"2021-09-14T08:57:22+07:00","published_at":"2021-09-14T08:57:22+07:00","template_suffix":"contact","admin_graphql_api_id":"gid://shopify/OnlineStorePage/85020639409"},{"id":88707039409,"title":"Faqs","shop_id":60186362033,"handle":"faqs","body_html":"","author":null,"created_at":"2022-04-13T11:49:37+07:00","updated_at":"2022-04-13T11:49:37+07:00","published_at":"2022-04-13T11:49:37+07:00","template_suffix":"faqs","admin_graphql_api_id":"gid://shopify/OnlineStorePage/88707039409"},{"id":88707498161,"title":"Time Line","shop_id":60186362033,"handle":"time-line","body_html":"","author":null,"created_at":"2022-04-13T12:14:26+07:00","updated_at":"2022-04-13T12:14:26+07:00","published_at":"2022-04-13T12:14:26+07:00","template_suffix":"timeline","admin_graphql_api_id":"gid://shopify/OnlineStorePage/88707498161"},{"id":88707530929,"title":"wishlist","shop_id":60186362033,"handle":"wishlist","body_html":"","author":null,"created_at":"2022-04-13T12:14:51+07:00","updated_at":"2022-04-13T12:14:51+07:00","published_at":"2022-04-13T12:14:51+07:00","template_suffix":"wishlist","admin_graphql_api_id":"gid://shopify/OnlineStorePage/88707530929"}]}