{
  "sections": {
    "main": {
      "type": "page-contact",
      "blocks": {
        "be39a7a2-bb88-484a-a557-711abda96158": {
          "type": "address",
          "settings": {
            "store_addess": "<h6 class=\"mb-3\">OUR STORE<\/h6>",
            "contact_addess": "123 Sky Tower, West 21th Street, Suite 721, NY",
            "contact_phone": "",
            "contact_mail": ""
          }
        },
        "680cb5ab-4308-4d94-9a31-4af2c07ed950": {
          "type": "address",
          "settings": {
            "store_addess": "<h6 class=\"mb-3\">OUR BUSINESS HOURS<\/h6>\n<p>\nMonday – Friday:<br>\n8am – 4pm<\/p>\n<p>\nSaturday, Sunday:<br>\n9am – 5pm<\/p>",
            "contact_addess": "",
            "contact_phone": "",
            "contact_mail": ""
          }
        },
        "f1504265-da37-4ee8-8d43-0bc52902d78e": {
          "type": "address",
          "settings": {
            "store_addess": "<h6 class=\"mb-3\">CONTACT INFORMATION<\/h6>",
            "contact_addess": "",
            "contact_phone": "+844 123 456 789",
            "contact_mail": "sale@yourcompany.com"
          }
        }
      },
      "block_order": [
        "be39a7a2-bb88-484a-a557-711abda96158",
        "680cb5ab-4308-4d94-9a31-4af2c07ed950",
        "f1504265-da37-4ee8-8d43-0bc52902d78e"
      ],
      "settings": {
        "title_page": "Stay in touch! Contact us",
        "contact_des": "Have a question? Give us a call or fill out the contact form. We’d love to hear from you",
        "gmap": true,
        "gmap_iframe": "<div class=\"mapouter\">\n<div class=\"gmap_canvas\">\n<iframe width=\"1080\" height=\"500\" id=\"gmap_canvas\" src=\"https:\/\/maps.google.com\/maps?q=68%20nguyen%20co%20thach&t=&z=15&ie=UTF8&iwloc=&output=embed\" frameborder=\"0\" scrolling=\"no\" marginheight=\"0\" marginwidth=\"0\"><\/iframe>Google Maps Generator by <a href=\"https:\/\/www.embedgooglemap.net\">embedgooglemap.net<\/a>\n<\/div>\n<style>.mapouter{position:relative;text-align:right;height:500px;width:1080px;}.gmap_canvas {overflow:hidden;background:none!important;height:500px;width:1080px;}.gmap-iframe .mapouter, .gmap-iframe .gmap_canvas, .gmap-iframe iframe{ width:100% !important; } @media (max-width:767px){ .gmap-iframe .mapouter, .gmap-iframe .gmap_canvas, .gmap-iframe iframe{ height:350px !important; } }<\/style>\n<\/div>",
        "right_block": true
      }
    }
  },
  "order": [
    "main"
  ]
}