{"articles":[{"id":558079803569,"title":"Our Market Picks: This Is What We Love","created_at":"2022-04-21T22:32:57+07:00","body_html":"<p>Lorem ipsum dolor sit amet, consectetuer adipiscing elit, sed diam nonummy nibh euismod tincidunt ut laoreet dolore magna aliquam erat volutpat. Ut wisi enim ad minim veniam, quis nostrud exerci tation ullamcorper suscipit lobortis nisl ut aliquip ex ea commodo consequat. Duis autem vel eum iriure dolor in hendrerit in vulputate velit esse molestie consequat, vel illum dolore eu feugiat nulla facilisis at vero eros et accumsan et iusto odio dignissim qui blandit praesent luptatum zzril delenit augue duis dolore te feugaitLorem ipsum dolor sit amet, consectetuer adipiscing elit, sed diam nonummy.</p>\n<p>Sed ut perspiciatis, unde omnis iste natus error sit voluptatem accusantium doloremque laudantium, totam rem aperiam eaque ipsa, quae ab illo inventore veritatis et quasi architecto beatae vitae dicta sunt, explicabo. nemo enim ipsam voluptatem, quia voluptas sit, aspernatur aut odit aut fugit, sed quia consequuntur magni dolores eos, qui ratione voluptatem sequi nesciunt, neque porro quisquam est, qui dolorem ipsum, quia dolor sit, amet, consectetur, adipisci velit, sed quia non numquam eius modi tempora incidunt, ut labore et dolore magnam aliquam quaerat voluptatem. ut enim ad minima veniam, quis nostrum exercitationem ullam corporis suscipit laboriosam, nisi ut aliquid ex ea commodi consequatur? quis autem vel eum iure reprehenderit, qui in ea voluptate velit esse, quam nihil molestiae consequatur, vel illum, qui dolorem eum fugiat, quo voluptas.</p>","blog_id":82581618865,"author":"Nghia Tran Dinh","user_id":77408370865,"published_at":"2022-04-21T22:32:56+07:00","updated_at":"2022-04-21T22:32:57+07:00","summary_html":"","template_suffix":"","handle":"our-market-picks-this-is-what-we-love","tags":"egg, organic","admin_graphql_api_id":"gid://shopify/OnlineStoreArticle/558079803569","image":{"created_at":"2022-04-21T22:32:57+07:00","alt":"","width":1500,"height":848,"src":"https://cdn.shopify.com/s/files/1/0601/8636/2033/articles/blog-5.jpg?v=1650555177"}},{"id":558079738033,"title":"Product to Include into Your Shopping List","created_at":"2022-04-21T22:32:10+07:00","body_html":"<p>Lorem ipsum dolor sit amet, consectetuer adipiscing elit, sed diam nonummy nibh euismod tincidunt ut laoreet dolore magna aliquam erat volutpat. Ut wisi enim ad minim veniam, quis nostrud exerci tation ullamcorper suscipit lobortis nisl ut aliquip ex ea commodo consequat. Duis autem vel eum iriure dolor in hendrerit in vulputate velit esse molestie consequat, vel illum dolore eu feugiat nulla facilisis at vero eros et accumsan et iusto odio dignissim qui blandit praesent luptatum zzril delenit augue duis dolore te feugaitLorem ipsum dolor sit amet, consectetuer adipiscing elit, sed diam nonummy.</p>\n<p>Sed ut perspiciatis, unde omnis iste natus error sit voluptatem accusantium doloremque laudantium, totam rem aperiam eaque ipsa, quae ab illo inventore veritatis et quasi architecto beatae vitae dicta sunt, explicabo. nemo enim ipsam voluptatem, quia voluptas sit, aspernatur aut odit aut fugit, sed quia consequuntur magni dolores eos, qui ratione voluptatem sequi nesciunt, neque porro quisquam est, qui dolorem ipsum, quia dolor sit, amet, consectetur, adipisci velit, sed quia non numquam eius modi tempora incidunt, ut labore et dolore magnam aliquam quaerat voluptatem. ut enim ad minima veniam, quis nostrum exercitationem ullam corporis suscipit laboriosam, nisi ut aliquid ex ea commodi consequatur? quis autem vel eum iure reprehenderit, qui in ea voluptate velit esse, quam nihil molestiae consequatur, vel illum, qui dolorem eum fugiat, quo voluptas.</p>","blog_id":82581618865,"author":"Nghia Tran Dinh","user_id":77408370865,"published_at":"2022-04-21T22:32:16+07:00","updated_at":"2022-04-21T22:32:16+07:00","summary_html":"","template_suffix":"","handle":"product-to-include-into-your-shopping-list","tags":"healthy, nature","admin_graphql_api_id":"gid://shopify/OnlineStoreArticle/558079738033","image":{"created_at":"2022-04-21T22:32:10+07:00","alt":"","width":1500,"height":848,"src":"https://cdn.shopify.com/s/files/1/0601/8636/2033/articles/blog4.jpg?v=1650555131"}},{"id":558079705265,"title":"5 Reasons You Must Eat Greens Everyday","created_at":"2022-04-21T22:31:06+07:00","body_html":"<p>Lorem ipsum dolor sit amet, consectetuer adipiscing elit, sed diam nonummy nibh euismod tincidunt ut laoreet dolore magna aliquam erat volutpat. Ut wisi enim ad minim veniam, quis nostrud exerci tation ullamcorper suscipit lobortis nisl ut aliquip ex ea commodo consequat. Duis autem vel eum iriure dolor in hendrerit in vulputate velit esse molestie consequat, vel illum dolore eu feugiat nulla facilisis at vero eros et accumsan et iusto odio dignissim qui blandit praesent luptatum zzril delenit augue duis dolore te feugaitLorem ipsum dolor sit amet, consectetuer adipiscing elit, sed diam nonummy.</p>\n<p>Sed ut perspiciatis, unde omnis iste natus error sit voluptatem accusantium doloremque laudantium, totam rem aperiam eaque ipsa, quae ab illo inventore veritatis et quasi architecto beatae vitae dicta sunt, explicabo. nemo enim ipsam voluptatem, quia voluptas sit, aspernatur aut odit aut fugit, sed quia consequuntur magni dolores eos, qui ratione voluptatem sequi nesciunt, neque porro quisquam est, qui dolorem ipsum, quia dolor sit, amet, consectetur, adipisci velit, sed quia non numquam eius modi tempora incidunt, ut labore et dolore magnam aliquam quaerat voluptatem. ut enim ad minima veniam, quis nostrum exercitationem ullam corporis suscipit laboriosam, nisi ut aliquid ex ea commodi consequatur? quis autem vel eum iure reprehenderit, qui in ea voluptate velit esse, quam nihil molestiae consequatur, vel illum, qui dolorem eum fugiat, quo voluptas.</p>","blog_id":82581618865,"author":"Nghia Tran Dinh","user_id":77408370865,"published_at":"2022-04-21T22:31:06+07:00","updated_at":"2022-04-21T22:31:07+07:00","summary_html":"","template_suffix":"","handle":"5-reasons-you-must-eat-greens-everyday","tags":"healthy, tomato","admin_graphql_api_id":"gid://shopify/OnlineStoreArticle/558079705265","image":{"created_at":"2022-04-21T22:31:06+07:00","alt":"","width":1500,"height":848,"src":"https://cdn.shopify.com/s/files/1/0601/8636/2033/articles/blog3.jpg?v=1650555067"}},{"id":558079672497,"title":"Pizza With Chicken, Tomatoes and Basil","created_at":"2022-04-21T22:29:58+07:00","body_html":"<p>Lorem ipsum dolor sit amet, consectetur adipisicing elit, sed do eiusmod tempor incididunt ut labore et dolore magna aliqua. Ut enim ad minim veniam, quis nostrud exercitation ullamco laboris nisi ut aliquip ex ea commodo consequat. Duis aute irure dolor in reprehenderit in voluptate.<span id=\"more-16\"></span></p>\n<p>Velit esse cillum dolore eu fugiat nulla pariatur. Excepteur sint occaecat cupidatat non proident, sunt in culpa qui officia deserunt mollit anim id est laborum. Sed ut perspiciatis unde omnis iste natus error sit voluptatem accusantium doloremque laudantium, totam rem aperiam, eaque ipsa quae ab illo inventore veritatis et quasi architecto beatae vitae dicta sunt explicabo. Nemo enim ipsam voluptatem quia voluptas sit aspernatur aut odit aut fugit, sed quia consequuntur magni dolores eos qui ratione voluptatem sequi nesciunt. Neque porro quisquam est, qui dolorem ipsum quia dolor sit amet, consectetur, adipisci velit, sed quia non numquam eius modi tempora incidunt ut labore et dolore magnam aliquam quaerat voluptatem.</p>","blog_id":82581618865,"author":"Nghia Tran Dinh","user_id":77408370865,"published_at":"2022-04-21T22:29:57+07:00","updated_at":"2022-04-21T22:29:58+07:00","summary_html":"","template_suffix":"","handle":"pizza-with-chicken-tomatoes-and-basil","tags":"business","admin_graphql_api_id":"gid://shopify/OnlineStoreArticle/558079672497","image":{"created_at":"2022-04-21T22:29:58+07:00","alt":"","width":1500,"height":848,"src":"https://cdn.shopify.com/s/files/1/0601/8636/2033/articles/blog2.jpg?v=1650554998"}},{"id":558079639729,"title":"What You Should Know About Detox","created_at":"2022-04-21T22:28:24+07:00","body_html":"<p>Ac haca ullamcorper donec ante habi tasse donec imperdiet eturpis varius per a augue magna hac. Nec hac et vestibulum duis a tincidunt per a aptent interdum purus feugiat a id aliquet erat himenaeos nunc torquent euismod adipiscing adipiscing dui gravida justo.</p>\n<p> </p>\n<p>Ultrices ut parturient morbi sit adipiscing sit a habitasse curabitur viverra at malesuada at vestibulum. Leo duis lacinia placerat parturient montes vulputate cubilia posuere parturient inceptos massa euismod curabitur dis dignissim vestibulum quam a urna.</p>\n<p><span>Netus pretium tellus nulla commodo massa adipiscing in elementum magna congue condimentum placerat habitasse potenti ac orci a quisque tristique elementum et viverra at condimentum scelerisque eu mi. Elit praesent cras vehicula a ullamcorper nulla scelerisque aliquet tempus faucibus quam ac aliquet nibh a condimentum suspendisse hac integer leo erat aliquam ut himenaeos. Consectetur neque odio diam turpis dictum ullamcorper dis felis nec et montes non ad a quam pretium convallis leo condimentum congue scelerisque suspendisse elementum nam.</span></p>","blog_id":82581618865,"author":"Nghia Tran Dinh","user_id":77408370865,"published_at":"2022-04-21T22:28:29+07:00","updated_at":"2022-04-21T22:28:29+07:00","summary_html":"","template_suffix":"","handle":"what-you-should-know-about-detox","tags":"nature, organic","admin_graphql_api_id":"gid://shopify/OnlineStoreArticle/558079639729","image":{"created_at":"2022-04-21T22:28:24+07:00","alt":"","width":1500,"height":848,"src":"https://cdn.shopify.com/s/files/1/0601/8636/2033/articles/blog1.jpg?v=1650554905"}}]}